{
  "step": 1022,
  "stage": 1,
  "ctx_len": 1024,
  "epoch": 0,
  "overall": 0.031496062992125984,
  "per_task": {
    "1": 0.05263157894736842,
    "2": 0.0,
    "0": 0.029411764705882353,
    "3": 0.02631578947368421
  }
}