{
  "step": 2048,
  "stage": 1,
  "ctx_len": 1024,
  "epoch": 1,
  "overall": 0.44881889763779526,
  "per_task": {
    "0": 0.5686274509803921,
    "1": 0.13157894736842105,
    "2": 0.7368421052631579,
    "3": 0.47368421052631576
  }
}